{
  "id": "2156534",
  "name": "blog",
  "font_family": "iconfont",
  "css_prefix_text": "icon-",
  "description": "",
  "glyphs": [
    {
      "icon_id": "1818843",
      "name": "简介",
      "font_class": "jianjie",
      "unicode": "e658",
      "unicode_decimal": 58968
    },
    {
      "icon_id": "2188690",
      "name": "小汽车",
      "font_class": "xiaoqiche",
      "unicode": "e618",
      "unicode_decimal": 58904
    },
    {
      "icon_id": "4628506",
      "name": "电子邮件",
      "font_class": "dianziyoujian",
      "unicode": "e643",
      "unicode_decimal": 58947
    },
    {
      "icon_id": "6171062",
      "name": "篮球",
      "font_class": "lanqiu",
      "unicode": "e632",
      "unicode_decimal": 58930
    },
    {
      "icon_id": "16667324",
      "name": "CPU",
      "font_class": "CPU",
      "unicode": "e642",
      "unicode_decimal": 58946
    }
  ]
}
